key,quality,
MESOS-4284,0.6666666666666667,
MESOS-3348,0.5,
MESOS-3212,0.8333333333333334,
MESOS-3211,0.8333333333333334,
MESOS-3154,0.6666666666666667,
MESOS-3135,0.8333333333333334,
MESOS-2939,0.38888888888888895,
MESOS-2860,0.5,
MESOS-2746,0.5555555555555556,
MESOS-2651,0.6666666666666667,
MESOS-2551,0.6666666666666667,
MESOS-1830,0.6666666666666667,
MESOS-1765,0.5555555555555556,
MESOS-343,0.6666666666666667,
